ProteinID,Site,Pred,Label,PTMType,Model
P30375,344,0.91698897,1.0,SAPPphos,SAPPphos_0
P30375,348,0.922612,1.0,SAPPphos,SAPPphos_0
P30375,351,0.99461526,1.0,SAPPphos,SAPPphos_0
P30375,201,0.0005733657,0.0,SAPPphos,SAPPphos_0
Q4KM62,375,0.58651865,1.0,SAPPphos,SAPPphos_0
Q4KM62,134,0.9992943,1.0,SAPPphos,SAPPphos_0
Q4KM62,321,0.94680417,1.0,SAPPphos,SAPPphos_0
Q4KM62,497,0.8148744,1.0,SAPPphos,SAPPphos_0
Q4KM62,519,0.9991246,1.0,SAPPphos,SAPPphos_0
Q4KM62,148,0.7096314,0.0,SAPPphos,SAPPphos_0
Q4KM62,355,0.19255021,0.0,SAPPphos,SAPPphos_0
Q9ESV1,611,0.99387264,1.0,SAPPphos,SAPPphos_0
Q9ESV1,574,0.98599005,1.0,SAPPphos,SAPPphos_0
Q9ESV1,954,0.8596883,0.0,SAPPphos,SAPPphos_0
Q9ESV1,11,0.005520752,0.0,SAPPphos,SAPPphos_0
Q9ESV1,1014,0.10797942,0.0,SAPPphos,SAPPphos_0
P30375,344,0.98961216,1.0,SAPPphos,SAPPphos_1
P30375,348,0.89856005,1.0,SAPPphos,SAPPphos_1
P30375,351,0.9956423,1.0,SAPPphos,SAPPphos_1
P30375,201,0.007819495,0.0,SAPPphos,SAPPphos_1
Q4KM62,375,0.9865362,1.0,SAPPphos,SAPPphos_1
Q4KM62,134,0.91614234,1.0,SAPPphos,SAPPphos_1
Q4KM62,321,0.73812884,1.0,SAPPphos,SAPPphos_1
Q4KM62,497,0.98463446,1.0,SAPPphos,SAPPphos_1
Q4KM62,519,0.99988294,1.0,SAPPphos,SAPPphos_1
Q4KM62,148,0.016651832,0.0,SAPPphos,SAPPphos_1
Q4KM62,355,0.69921076,0.0,SAPPphos,SAPPphos_1
Q9ESV1,611,0.9989982,1.0,SAPPphos,SAPPphos_1
Q9ESV1,574,0.96525395,1.0,SAPPphos,SAPPphos_1
Q9ESV1,954,0.9900961,0.0,SAPPphos,SAPPphos_1
Q9ESV1,11,0.8509215,0.0,SAPPphos,SAPPphos_1
Q9ESV1,1014,0.0017444917,0.0,SAPPphos,SAPPphos_1
P30375,344,0.999686,1.0,SAPPphos,SAPPphos_2
P30375,348,0.99126667,1.0,SAPPphos,SAPPphos_2
P30375,351,0.97948647,1.0,SAPPphos,SAPPphos_2
P30375,201,0.0008647932,0.0,SAPPphos,SAPPphos_2
Q4KM62,375,0.6785923,1.0,SAPPphos,SAPPphos_2
Q4KM62,134,0.9463281,1.0,SAPPphos,SAPPphos_2
Q4KM62,321,0.9697258,1.0,SAPPphos,SAPPphos_2
Q4KM62,497,0.9720558,1.0,SAPPphos,SAPPphos_2
Q4KM62,519,0.9999938,1.0,SAPPphos,SAPPphos_2
Q4KM62,148,0.038362324,0.0,SAPPphos,SAPPphos_2
Q4KM62,355,0.8914541,0.0,SAPPphos,SAPPphos_2
Q9ESV1,611,0.9803057,1.0,SAPPphos,SAPPphos_2
Q9ESV1,574,0.9888011,1.0,SAPPphos,SAPPphos_2
Q9ESV1,954,0.9743258,0.0,SAPPphos,SAPPphos_2
Q9ESV1,11,0.016754827,0.0,SAPPphos,SAPPphos_2
Q9ESV1,1014,0.007965197,0.0,SAPPphos,SAPPphos_2
P30375,344,0.9997899,1.0,SAPPphos,SAPPphos_3
P30375,348,0.99886,1.0,SAPPphos,SAPPphos_3
P30375,351,0.98683727,1.0,SAPPphos,SAPPphos_3
P30375,201,1.6442807e-05,0.0,SAPPphos,SAPPphos_3
Q4KM62,375,0.7771595,1.0,SAPPphos,SAPPphos_3
Q4KM62,134,0.95448536,1.0,SAPPphos,SAPPphos_3
Q4KM62,321,0.9950498,1.0,SAPPphos,SAPPphos_3
Q4KM62,497,0.9875388,1.0,SAPPphos,SAPPphos_3
Q4KM62,519,0.999318,1.0,SAPPphos,SAPPphos_3
Q4KM62,148,0.016004296,0.0,SAPPphos,SAPPphos_3
Q4KM62,355,0.91956925,0.0,SAPPphos,SAPPphos_3
Q9ESV1,611,0.99961674,1.0,SAPPphos,SAPPphos_3
Q9ESV1,574,0.9709193,1.0,SAPPphos,SAPPphos_3
Q9ESV1,954,0.5358707,0.0,SAPPphos,SAPPphos_3
Q9ESV1,11,0.23140247,0.0,SAPPphos,SAPPphos_3
Q9ESV1,1014,0.001754637,0.0,SAPPphos,SAPPphos_3
P30375,344,0.9998385,1.0,SAPPphos,SAPPphos_4
P30375,348,0.9971347,1.0,SAPPphos,SAPPphos_4
P30375,351,0.99727315,1.0,SAPPphos,SAPPphos_4
P30375,201,0.30928153,0.0,SAPPphos,SAPPphos_4
Q4KM62,375,0.95450056,1.0,SAPPphos,SAPPphos_4
Q4KM62,134,0.9689005,1.0,SAPPphos,SAPPphos_4
Q4KM62,321,0.98880124,1.0,SAPPphos,SAPPphos_4
Q4KM62,497,0.70452404,1.0,SAPPphos,SAPPphos_4
Q4KM62,519,0.9999883,1.0,SAPPphos,SAPPphos_4
Q4KM62,148,0.27095392,0.0,SAPPphos,SAPPphos_4
Q4KM62,355,0.069751255,0.0,SAPPphos,SAPPphos_4
Q9ESV1,611,0.9989513,1.0,SAPPphos,SAPPphos_4
Q9ESV1,574,0.42537597,1.0,SAPPphos,SAPPphos_4
Q9ESV1,954,0.97459,0.0,SAPPphos,SAPPphos_4
Q9ESV1,11,0.059318878,0.0,SAPPphos,SAPPphos_4
Q9ESV1,1014,0.004263268,0.0,SAPPphos,SAPPphos_4
P30375,344,0.99553573,1.0,SAPPphos,SAPPphos_5
P30375,348,0.99858356,1.0,SAPPphos,SAPPphos_5
P30375,351,0.9834035,1.0,SAPPphos,SAPPphos_5
P30375,201,0.0037294182,0.0,SAPPphos,SAPPphos_5
Q4KM62,375,0.9993119,1.0,SAPPphos,SAPPphos_5
Q4KM62,134,0.24979626,1.0,SAPPphos,SAPPphos_5
Q4KM62,321,0.9874172,1.0,SAPPphos,SAPPphos_5
Q4KM62,497,0.99540234,1.0,SAPPphos,SAPPphos_5
Q4KM62,519,0.99981254,1.0,SAPPphos,SAPPphos_5
Q4KM62,148,0.016615493,0.0,SAPPphos,SAPPphos_5
Q4KM62,355,0.9391908,0.0,SAPPphos,SAPPphos_5
Q9ESV1,611,0.9997818,1.0,SAPPphos,SAPPphos_5
Q9ESV1,574,0.8658944,1.0,SAPPphos,SAPPphos_5
Q9ESV1,954,0.7997217,0.0,SAPPphos,SAPPphos_5
Q9ESV1,11,0.18513453,0.0,SAPPphos,SAPPphos_5
Q9ESV1,1014,0.004920308,0.0,SAPPphos,SAPPphos_5
P30375,344,0.9907224,1.0,SAPPphos,SAPPphos_6
P30375,348,0.8213682,1.0,SAPPphos,SAPPphos_6
P30375,351,0.5643346,1.0,SAPPphos,SAPPphos_6
P30375,201,0.08566063,0.0,SAPPphos,SAPPphos_6
Q4KM62,375,0.99571383,1.0,SAPPphos,SAPPphos_6
Q4KM62,134,0.93000746,1.0,SAPPphos,SAPPphos_6
Q4KM62,321,0.9907815,1.0,SAPPphos,SAPPphos_6
Q4KM62,497,0.9643439,1.0,SAPPphos,SAPPphos_6
Q4KM62,519,0.9999002,1.0,SAPPphos,SAPPphos_6
Q4KM62,148,0.7455414,0.0,SAPPphos,SAPPphos_6
Q4KM62,355,0.40800655,0.0,SAPPphos,SAPPphos_6
Q9ESV1,611,0.9996346,1.0,SAPPphos,SAPPphos_6
Q9ESV1,574,0.9539969,1.0,SAPPphos,SAPPphos_6
Q9ESV1,954,0.7396417,0.0,SAPPphos,SAPPphos_6
Q9ESV1,11,0.6674493,0.0,SAPPphos,SAPPphos_6
Q9ESV1,1014,0.0029146508,0.0,SAPPphos,SAPPphos_6
P30375,344,0.9863347,1.0,SAPPphos,SAPPphos_7
P30375,348,0.9406087,1.0,SAPPphos,SAPPphos_7
P30375,351,0.99129033,1.0,SAPPphos,SAPPphos_7
P30375,201,0.0017140197,0.0,SAPPphos,SAPPphos_7
Q4KM62,375,0.88761115,1.0,SAPPphos,SAPPphos_7
Q4KM62,134,0.91430646,1.0,SAPPphos,SAPPphos_7
Q4KM62,321,0.99192846,1.0,SAPPphos,SAPPphos_7
Q4KM62,497,0.9752254,1.0,SAPPphos,SAPPphos_7
Q4KM62,519,0.9994549,1.0,SAPPphos,SAPPphos_7
Q4KM62,148,0.03956463,0.0,SAPPphos,SAPPphos_7
Q4KM62,355,0.36064723,0.0,SAPPphos,SAPPphos_7
Q9ESV1,611,0.98215276,1.0,SAPPphos,SAPPphos_7
Q9ESV1,574,0.97203356,1.0,SAPPphos,SAPPphos_7
Q9ESV1,954,0.07879454,0.0,SAPPphos,SAPPphos_7
Q9ESV1,11,0.20137279,0.0,SAPPphos,SAPPphos_7
Q9ESV1,1014,0.003098558,0.0,SAPPphos,SAPPphos_7
P30375,344,0.99988806,1.0,SAPPphos,SAPPphos_8
P30375,348,0.95262337,1.0,SAPPphos,SAPPphos_8
P30375,351,0.99737895,1.0,SAPPphos,SAPPphos_8
P30375,201,0.30757156,0.0,SAPPphos,SAPPphos_8
Q4KM62,375,0.95673394,1.0,SAPPphos,SAPPphos_8
Q4KM62,134,0.33352035,1.0,SAPPphos,SAPPphos_8
Q4KM62,321,0.88053143,1.0,SAPPphos,SAPPphos_8
Q4KM62,497,0.9263983,1.0,SAPPphos,SAPPphos_8
Q4KM62,519,0.99997544,1.0,SAPPphos,SAPPphos_8
Q4KM62,148,0.5027496,0.0,SAPPphos,SAPPphos_8
Q4KM62,355,0.04566953,0.0,SAPPphos,SAPPphos_8
Q9ESV1,611,0.99642545,1.0,SAPPphos,SAPPphos_8
Q9ESV1,574,0.83489865,1.0,SAPPphos,SAPPphos_8
Q9ESV1,954,0.98881,0.0,SAPPphos,SAPPphos_8
Q9ESV1,11,0.09181691,0.0,SAPPphos,SAPPphos_8
Q9ESV1,1014,9.1465205e-05,0.0,SAPPphos,SAPPphos_8
P30375,344,0.9765286,1.0,SAPPphos,SAPPphos_9
P30375,348,0.9944457,1.0,SAPPphos,SAPPphos_9
P30375,351,0.8668684,1.0,SAPPphos,SAPPphos_9
P30375,201,0.00016505837,0.0,SAPPphos,SAPPphos_9
Q4KM62,375,0.99168783,1.0,SAPPphos,SAPPphos_9
Q4KM62,134,0.95472217,1.0,SAPPphos,SAPPphos_9
Q4KM62,321,0.8523775,1.0,SAPPphos,SAPPphos_9
Q4KM62,497,0.51771504,1.0,SAPPphos,SAPPphos_9
Q4KM62,519,0.99977654,1.0,SAPPphos,SAPPphos_9
Q4KM62,148,0.36030462,0.0,SAPPphos,SAPPphos_9
Q4KM62,355,0.20433354,0.0,SAPPphos,SAPPphos_9
Q9ESV1,611,0.9986951,1.0,SAPPphos,SAPPphos_9
Q9ESV1,574,0.9669385,1.0,SAPPphos,SAPPphos_9
Q9ESV1,954,0.93479985,0.0,SAPPphos,SAPPphos_9
Q9ESV1,11,0.85166335,0.0,SAPPphos,SAPPphos_9
Q9ESV1,1014,0.05218335,0.0,SAPPphos,SAPPphos_9
